{"cameraMode":{"drawMode":0,"name":"Shaded","section":"Shading Mode"},"sceneLighting":true,"audioPlay":false,"sceneViewState":{"m_AlwaysRefresh":false,"showFog":true,"showSkybox":true,"showFlares":true,"showImageEffects":true,"showParticleSystems":true,"showVisualEffectGraphs":true,"m_FxEnabled":true},"in2DMode":false,"pivot":{"x":4.250311374664307,"y":51.655216217041019,"z":-63.75505065917969},"rotation":{"x":0.01949889585375786,"y":0.00779017573222518,"z":-0.00016544944082852453,"w":0.9998026490211487},"size":44.6099739074707,"orthographic":false}